insert into product (product_id, discount,   price, product_description, product_name, category_id) values (1, 5,   4, 'Nondisplaced fracture of anterior column [iliopubic] of left acetabulum, subsequent encounter for fracture with nonunion', 'Malacothamnus Greene', 1);
insert into product (product_id, discount,   price, product_description, product_name, category_id) values (2, 5,   1, 'Nondisplaced fracture of neck of right talus, sequela', 'Gaultheria ovatifolia A. Gray', 2);
insert into product (product_id, discount,   price, product_description, product_name, category_id) values (3, 10,   589, 'Unspecified injury of other specified muscles, fascia and tendons at wrist and hand level, unspecified hand, initial encounter', 'Carex albicans Willd. ex Spreng.', 3);
insert into product (product_id, discount,   price, product_description, product_name, category_id) values (4, 0,   5330, 'Military operations involving explosion of improvised explosive device [IED], military personnel', 'Bryum algovicum Sendtn. ex Mull. Hal. var. algovicum', 4);
insert into product (product_id, discount,   price, product_description, product_name, category_id) values (5, 0,   5610, 'Demoralization and apathy', 'Bixa orellana L.', 3);
insert into product (product_id, discount,   price, product_description, product_name, category_id) values (6, 0,   60, 'Unspecified injury of ovary, bilateral, sequela', 'Ceanothus gloriosus J.T. Howell var. gloriosus', 2);
insert into product (product_id, discount,   price, product_description, product_name, category_id) values (7, 50,   7803, 'Unspecified fracture of unspecified toe(s), initial encounter for open fracture', 'Tapellaria bilimbioides R. Sant.', 4);
insert into product (product_id, discount,   price, product_description, product_name, category_id) values (8, 0,   65, 'Open bite of unspecified thumb without damage to nail, sequela', 'Cyrtomnium Holmen', 4);
insert into product (product_id, discount,   price, product_description, product_name, category_id) values (9, 0,   100, 'Other specified soft tissue disorders', 'Mimusops coriacea (A. DC.) Miq.', 2);
insert into product (product_id, discount,   price, product_description, product_name, category_id) values (10, 0,   744, 'Displaced fracture of medial phalanx of other finger, subsequent encounter for fracture with delayed healing', 'Lobularia Desv.', 4);
insert into product (product_id, discount,   price, product_description, product_name, category_id) values (11, 0,   8, 'Open bite of unspecified thumb with damage to nail', 'Rumex tomentellus Rech. f.', 1);
insert into product (product_id, discount,   price, product_description, product_name, category_id) values (12, 0,   98, 'Unspecified open wound of right elbow, initial encounter', 'Physostegia godfreyi Cantino', 3);
insert into product (product_id, discount,   price, product_description, product_name, category_id) values (13, 20,   8075, 'Disease of salivary gland, unspecified', 'Krapovickasia physaloides (C. Presl) Fryxell', 1);
insert into product (product_id, discount,   price, product_description, product_name, category_id) values (14, 20,   682, 'Corrosion of unspecified degree of multiple sites of left wrist and hand, subsequent encounter', 'Phacelia laxa Small', 4);
insert into product (product_id, discount,   price, product_description, product_name, category_id) values (15, 20,   50491, 'Osteochondropathy, unspecified of unspecified site', 'Lecanora cinereofusca H. Magn. var. appalachensis Brodo', 3);
insert into product (product_id, discount,   price, product_description, product_name, category_id) values (16, 0,   413, 'Agenesis and underdevelopment of nose', 'Tectaria trifoliata (L.) Cav.', 3);
insert into product (product_id, discount,   price, product_description, product_name, category_id) values (17, 10,   9106, 'Herniation of continent stoma of urinary tract', 'Petitia Jacq.', 2);
insert into product (product_id, discount,   price, product_description, product_name, category_id) values (18, 10,   13681, 'Complete traumatic amputation at unspecified hip joint, sequela', 'Panicum miliaceum L. ssp. miliaceum', 1);
insert into product (product_id, discount,   price, product_description, product_name, category_id) values (19, 0,   73487, 'Poisoning by intravenous anesthetics, accidental (unintentional), initial encounter', 'Hesperolinon congestum (A. Gray) Small', 2);
insert into product (product_id, discount,   price, product_description, product_name, category_id) values (20, 0,   93, 'Unspecified injury of abdomen', 'Desmanthus reticulatus Benth.', 2);
insert into product (product_id, discount,   price, product_description, product_name, category_id) values (21, 0,   190, 'Driver of pick-up truck or van injured in noncollision transport accident in traffic accident, sequela', 'Grusonia parishii (Orcutt) Pinkava', 4);
insert into product (product_id, discount,   price, product_description, product_name, category_id) values (22, 30,   14, 'Drowning and submersion due to being washed overboard from merchant ship, sequela', 'Corymbia citriodora (Hook.) K.D. Hill & L.A.S. Johnson', 3);
insert into product (product_id, discount,   price, product_description, product_name, category_id) values (23, 30,   51, 'Burn of unspecified degree of back of unspecified hand', 'Ilex amelanchier M.A. Curtis ex Chapm.', 3);
insert into product (product_id, discount,   price, product_description, product_name, category_id) values (24, 0,   38, 'Primary blast injury of bronchus', 'Paliurus spina-christi Mill.', 4);
insert into product (product_id, discount,   price, product_description, product_name, category_id) values (25, 30,   541, 'Displaced fracture of olecranon process without intraarticular extension of unspecified ulna, initial encounter for open fracture type IIIA, IIIB, or IIIC', 'Lecanora cenisia Ach.', 4);


insert into category (category_id,category_name) values (1,'Tables');
insert into category (category_id,category_name) values (2,'Chairs');
insert into category (category_id,category_name) values (3,'Drawers');
insert into category (category_id,category_name) values (4,'Accessories');


insert into image (image_id,image_url,product_id) values (1,'https://images.pexels.com/photos/4352247/pexels-photo-4352247.jpeg?auto=compress&cs=tinysrgb&w=600',1);
insert into image (image_id,image_url,product_id) values (2,'https://images.pexels.com/photos/1148955/pexels-photo-1148955.jpeg?auto=compress&cs=tinysrgb&w=600',1);
insert into image (image_id,image_url,product_id) values (3,'https://images.pexels.com/photos/447592/pexels-photo-447592.jpeg?auto=compress&cs=tinysrgb&w=600',1);
insert into image (image_id,image_url,product_id) values (4,'https://images.pexels.com/photos/1148955/pexels-photo-1148955.jpeg?auto=compress&cs=tinysrgb&w=600',2);
insert into image (image_id,image_url,product_id) values (5,'https://images.pexels.com/photos/4352247/pexels-photo-4352247.jpeg?auto=compress&cs=tinysrgb&w=600',2);
insert into image (image_id,image_url,product_id) values (6,'https://images.pexels.com/photos/447592/pexels-photo-447592.jpeg?auto=compress&cs=tinysrgb&w=600',2);
insert into image (image_id,image_url,product_id) values (7,'https://images.pexels.com/photos/1148955/pexels-photo-1148955.jpeg?auto=compress&cs=tinysrgb&w=600',3);
insert into image (image_id,image_url,product_id) values (8,'https://images.pexels.com/photos/4352247/pexels-photo-4352247.jpeg?auto=compress&cs=tinysrgb&w=600',3);
insert into image (image_id,image_url,product_id) values (9,'https://images.pexels.com/photos/447592/pexels-photo-447592.jpeg?auto=compress&cs=tinysrgb&w=600',3);
insert into image (image_id,image_url,product_id) values (10,'https://images.pexels.com/photos/1148955/pexels-photo-1148955.jpeg?auto=compress&cs=tinysrgb&w=600',4);
insert into image (image_id,image_url,product_id) values (11,'https://images.pexels.com/photos/4352247/pexels-photo-4352247.jpeg?auto=compress&cs=tinysrgb&w=600',4);
insert into image (image_id,image_url,product_id) values (12,'https://images.pexels.com/photos/447592/pexels-photo-447592.jpeg?auto=compress&cs=tinysrgb&w=600',4);
insert into image (image_id,image_url,product_id) values (13,'https://images.pexels.com/photos/1148955/pexels-photo-1148955.jpeg?auto=compress&cs=tinysrgb&w=600',5);
insert into image (image_id,image_url,product_id) values (14,'https://images.pexels.com/photos/4352247/pexels-photo-4352247.jpeg?auto=compress&cs=tinysrgb&w=600',5);
insert into image (image_id,image_url,product_id) values (15,'https://images.pexels.com/photos/447592/pexels-photo-447592.jpeg?auto=compress&cs=tinysrgb&w=600',5);
insert into image (image_id,image_url,product_id) values (16,'https://images.pexels.com/photos/1148955/pexels-photo-1148955.jpeg?auto=compress&cs=tinysrgb&w=600',6);
insert into image (image_id,image_url,product_id) values (17,'https://images.pexels.com/photos/4352247/pexels-photo-4352247.jpeg?auto=compress&cs=tinysrgb&w=600',6);
insert into image (image_id,image_url,product_id) values (18,'https://images.pexels.com/photos/447592/pexels-photo-447592.jpeg?auto=compress&cs=tinysrgb&w=600',6);
insert into image (image_id,image_url,product_id) values (19,'https://images.pexels.com/photos/1148955/pexels-photo-1148955.jpeg?auto=compress&cs=tinysrgb&w=600',7);
insert into image (image_id,image_url,product_id) values (20,'https://images.pexels.com/photos/4352247/pexels-photo-4352247.jpeg?auto=compress&cs=tinysrgb&w=600',7);
insert into image (image_id,image_url,product_id) values (21,'https://images.pexels.com/photos/447592/pexels-photo-447592.jpeg?auto=compress&cs=tinysrgb&w=600',7);
insert into image (image_id,image_url,product_id) values (22,'https://images.pexels.com/photos/1148955/pexels-photo-1148955.jpeg?auto=compress&cs=tinysrgb&w=600',8);
insert into image (image_id,image_url,product_id) values (23,'https://images.pexels.com/photos/4352247/pexels-photo-4352247.jpeg?auto=compress&cs=tinysrgb&w=600',8);
insert into image (image_id,image_url,product_id) values (24,'https://images.pexels.com/photos/447592/pexels-photo-447592.jpeg?auto=compress&cs=tinysrgb&w=600',8);
insert into image (image_id,image_url,product_id) values (25,'https://images.pexels.com/photos/1148955/pexels-photo-1148955.jpeg?auto=compress&cs=tinysrgb&w=600',9);
insert into image (image_id,image_url,product_id) values (26,'https://images.pexels.com/photos/4352247/pexels-photo-4352247.jpeg?auto=compress&cs=tinysrgb&w=600',9);
insert into image (image_id,image_url,product_id) values (27,'https://images.pexels.com/photos/447592/pexels-photo-447592.jpeg?auto=compress&cs=tinysrgb&w=600',9);
insert into image (image_id,image_url,product_id) values (28,'https://images.pexels.com/photos/1148955/pexels-photo-1148955.jpeg?auto=compress&cs=tinysrgb&w=600',10);
insert into image (image_id,image_url,product_id) values (29,'https://images.pexels.com/photos/4352247/pexels-photo-4352247.jpeg?auto=compress&cs=tinysrgb&w=600',10);
insert into image (image_id,image_url,product_id) values (30,'https://images.pexels.com/photos/447592/pexels-photo-447592.jpeg?auto=compress&cs=tinysrgb&w=600',10);
insert into image (image_id,image_url,product_id) values (31,'https://images.pexels.com/photos/1148955/pexels-photo-1148955.jpeg?auto=compress&cs=tinysrgb&w=600',11);
insert into image (image_id,image_url,product_id) values (32,'https://images.pexels.com/photos/4352247/pexels-photo-4352247.jpeg?auto=compress&cs=tinysrgb&w=600',11);
insert into image (image_id,image_url,product_id) values (33,'https://images.pexels.com/photos/447592/pexels-photo-447592.jpeg?auto=compress&cs=tinysrgb&w=600',11);
insert into image (image_id,image_url,product_id) values (34,'https://images.pexels.com/photos/1148955/pexels-photo-1148955.jpeg?auto=compress&cs=tinysrgb&w=600',12);
insert into image (image_id,image_url,product_id) values (35,'https://images.pexels.com/photos/4352247/pexels-photo-4352247.jpeg?auto=compress&cs=tinysrgb&w=600',12);
insert into image (image_id,image_url,product_id) values (36,'https://images.pexels.com/photos/447592/pexels-photo-447592.jpeg?auto=compress&cs=tinysrgb&w=600',12);
insert into image (image_id,image_url,product_id) values (37,'https://images.pexels.com/photos/1148955/pexels-photo-1148955.jpeg?auto=compress&cs=tinysrgb&w=600',13);
insert into image (image_id,image_url,product_id) values (38,'https://images.pexels.com/photos/4352247/pexels-photo-4352247.jpeg?auto=compress&cs=tinysrgb&w=600',13);
insert into image (image_id,image_url,product_id) values (39,'https://images.pexels.com/photos/447592/pexels-photo-447592.jpeg?auto=compress&cs=tinysrgb&w=600',13);
insert into image (image_id,image_url,product_id) values (40,'https://images.pexels.com/photos/1148955/pexels-photo-1148955.jpeg?auto=compress&cs=tinysrgb&w=600',14);
insert into image (image_id,image_url,product_id) values (41,'https://images.pexels.com/photos/4352247/pexels-photo-4352247.jpeg?auto=compress&cs=tinysrgb&w=600',14);
insert into image (image_id,image_url,product_id) values (42,'https://images.pexels.com/photos/447592/pexels-photo-447592.jpeg?auto=compress&cs=tinysrgb&w=600',14);
insert into image (image_id,image_url,product_id) values (43,'https://images.pexels.com/photos/1148955/pexels-photo-1148955.jpeg?auto=compress&cs=tinysrgb&w=600',15);
insert into image (image_id,image_url,product_id) values (44,'https://images.pexels.com/photos/4352247/pexels-photo-4352247.jpeg?auto=compress&cs=tinysrgb&w=600',15);
insert into image (image_id,image_url,product_id) values (45,'https://images.pexels.com/photos/447592/pexels-photo-447592.jpeg?auto=compress&cs=tinysrgb&w=600',15);
insert into image (image_id,image_url,product_id) values (46,'https://images.pexels.com/photos/1148955/pexels-photo-1148955.jpeg?auto=compress&cs=tinysrgb&w=600',16);
insert into image (image_id,image_url,product_id) values (47,'https://images.pexels.com/photos/4352247/pexels-photo-4352247.jpeg?auto=compress&cs=tinysrgb&w=600',16);
insert into image (image_id,image_url,product_id) values (48,'https://images.pexels.com/photos/447592/pexels-photo-447592.jpeg?auto=compress&cs=tinysrgb&w=600',16);
insert into image (image_id,image_url,product_id) values (49,'https://images.pexels.com/photos/1148955/pexels-photo-1148955.jpeg?auto=compress&cs=tinysrgb&w=600',17);
insert into image (image_id,image_url,product_id) values (50,'https://images.pexels.com/photos/4352247/pexels-photo-4352247.jpeg?auto=compress&cs=tinysrgb&w=600',17);
insert into image (image_id,image_url,product_id) values (51,'https://images.pexels.com/photos/447592/pexels-photo-447592.jpeg?auto=compress&cs=tinysrgb&w=600',17);
insert into image (image_id,image_url,product_id) values (52,'https://images.pexels.com/photos/1148955/pexels-photo-1148955.jpeg?auto=compress&cs=tinysrgb&w=600',18);
insert into image (image_id,image_url,product_id) values (53,'https://images.pexels.com/photos/4352247/pexels-photo-4352247.jpeg?auto=compress&cs=tinysrgb&w=600',18);
insert into image (image_id,image_url,product_id) values (54,'https://images.pexels.com/photos/447592/pexels-photo-447592.jpeg?auto=compress&cs=tinysrgb&w=600',18);
insert into image (image_id,image_url,product_id) values (55,'https://images.pexels.com/photos/1148955/pexels-photo-1148955.jpeg?auto=compress&cs=tinysrgb&w=600',19);
insert into image (image_id,image_url,product_id) values (56,'https://images.pexels.com/photos/4352247/pexels-photo-4352247.jpeg?auto=compress&cs=tinysrgb&w=600',19);
insert into image (image_id,image_url,product_id) values (57,'https://images.pexels.com/photos/447592/pexels-photo-447592.jpeg?auto=compress&cs=tinysrgb&w=600',19);
insert into image (image_id,image_url,product_id) values (58,'https://images.pexels.com/photos/1148955/pexels-photo-1148955.jpeg?auto=compress&cs=tinysrgb&w=600',20);
insert into image (image_id,image_url,product_id) values (59,'https://images.pexels.com/photos/4352247/pexels-photo-4352247.jpeg?auto=compress&cs=tinysrgb&w=600',20);
insert into image (image_id,image_url,product_id) values (60,'https://images.pexels.com/photos/447592/pexels-photo-447592.jpeg?auto=compress&cs=tinysrgb&w=600',20);
insert into image (image_id,image_url,product_id) values (61,'https://images.pexels.com/photos/1148955/pexels-photo-1148955.jpeg?auto=compress&cs=tinysrgb&w=600',21);
insert into image (image_id,image_url,product_id) values (62,'https://images.pexels.com/photos/4352247/pexels-photo-4352247.jpeg?auto=compress&cs=tinysrgb&w=600',21);
insert into image (image_id,image_url,product_id) values (63,'https://images.pexels.com/photos/447592/pexels-photo-447592.jpeg?auto=compress&cs=tinysrgb&w=600',21);
insert into image (image_id,image_url,product_id) values (64,'https://images.pexels.com/photos/1148955/pexels-photo-1148955.jpeg?auto=compress&cs=tinysrgb&w=600',22);
insert into image (image_id,image_url,product_id) values (65,'https://images.pexels.com/photos/4352247/pexels-photo-4352247.jpeg?auto=compress&cs=tinysrgb&w=600',22);
insert into image (image_id,image_url,product_id) values (66,'https://images.pexels.com/photos/447592/pexels-photo-447592.jpeg?auto=compress&cs=tinysrgb&w=600',22);
insert into image (image_id,image_url,product_id) values (67,'https://images.pexels.com/photos/1148955/pexels-photo-1148955.jpeg?auto=compress&cs=tinysrgb&w=600',23);
insert into image (image_id,image_url,product_id) values (68,'https://images.pexels.com/photos/4352247/pexels-photo-4352247.jpeg?auto=compress&cs=tinysrgb&w=600',23);
insert into image (image_id,image_url,product_id) values (69,'https://images.pexels.com/photos/447592/pexels-photo-447592.jpeg?auto=compress&cs=tinysrgb&w=600',23);
insert into image (image_id,image_url,product_id) values (70,'https://images.pexels.com/photos/1148955/pexels-photo-1148955.jpeg?auto=compress&cs=tinysrgb&w=600',24);
insert into image (image_id,image_url,product_id) values (71,'https://images.pexels.com/photos/4352247/pexels-photo-4352247.jpeg?auto=compress&cs=tinysrgb&w=600',24);
insert into image (image_id,image_url,product_id) values (72,'https://images.pexels.com/photos/447592/pexels-photo-447592.jpeg?auto=compress&cs=tinysrgb&w=600',24);
insert into image (image_id,image_url,product_id) values (73,'https://images.pexels.com/photos/1148955/pexels-photo-1148955.jpeg?auto=compress&cs=tinysrgb&w=600',25);
insert into image (image_id,image_url,product_id) values (74,'https://images.pexels.com/photos/4352247/pexels-photo-4352247.jpeg?auto=compress&cs=tinysrgb&w=600',25);
insert into image (image_id,image_url,product_id) values (75,'https://images.pexels.com/photos/447592/pexels-photo-447592.jpeg?auto=compress&cs=tinysrgb&w=600',25);


insert into color(color_id,color_name) values (1,'black');
insert into color(color_id,color_name) values (2,'brown');
insert into color(color_id,color_name) values (3,'beige');
insert into color(color_id,color_name) values (4,'white');
insert into color(color_id,color_name) values (5,'blue');
insert into color(color_id,color_name) values (6,'light brown');
insert into color(color_id,color_name) values (7,'red');

insert into product_color (color_id,product_id) values (1,1),(2,1),(3,1),(2,2),(4,2),
